dataset,impl,op,bytes,calls,ns_per_call,pass_drift,ins_spread,multiplexed,instructions,cycles,branches,branch-misses,cache-references,cache-misses,stalled-cycles-fe,L1d-read,L1d-read-miss,L1d-prefetch,L1i-read-miss,dTLB-read,dTLB-read-miss,iTLB-read-miss,BPU-read,BPU-read-miss,task-clock-ns,page-faults,page-faults-maj,context-switches,cpu-migrations
apache_builds.json,boost,parse,127275,71,927808.1,0.012585,0.000570,0,4088395,1464296,865172,2452,27398,2286,288815,1427371,21671,14661,193,2679,644,8.085,881289,5844,845255,0.000,0.000,0.000,0.000
apache_builds.json,boost,serialize,127275,556,197037.6,0.000000,0.000000,0,976798,338359,231832,2210,8759,384,48387,316787,5698,5095,32.426,263,138,0.826,231832,2196,193726,0.000,0.000,0.000,0.000
apache_builds.json,boost (null),parse,127275,658,179266.5,0.000001,0.000000,0,997951,308017,190304,425,2450,42.495,4415,248004,2011,1990,1.868,7.071,1.701,0.661,190304,427,176365,0.000,0.000,0.000,0.000
apache_builds.json,boost (pool),parse,127275,272,394031.2,0.000263,0.000096,0,2136715,683658,417042,922,13952,695,100761,707630,7544,6228,59.860,185,14.210,3.640,417148,891,391429,0.000,0.000,0.000,0.000
canada.json,boost,parse,2251051,3,12837489.0,0.003236,0.001028,0,71146229,21706312,14063346,17538,495282,33726,2095709,23523314,265224,205812,1724,11294,4141,88.667,14147373,24312,12565201,0.000,0.000,0.000,0.000
canada.json,boost,serialize,2251051,8,10506071.6,0.000001,0.000000,0,47932394,18225508,7351670,42715,182363,14339,826594,13294160,84986,79328,659,1631,1137,41.750,7351656,41857,10426570,0.000,0.000,0.000,0.000
canada.json,boost (null),parse,2251051,16,4955118.4,0.000000,0.000000,0,32309126,8577850,5831895,11726,71967,2068,141708,8559987,35470,35198,79.500,580,467,12.062,5831889,11481,4916294,0.000,0.000,0.000,0.000
canada.json,boost (pool),parse,2251051,10,7900245.4,0.000033,0.000017,0,46067390,13478283,8251773,12427,287137,15433,232668,14678969,150480,108786,672,2165,1615,56.800,8252057,12196,7735610,0.000,0.000,0.000,0.000
citm_catalog.json,boost,parse,1727204,16,7149010.2,0.005065,0.000180,0,34543220,12056650,7178845,22135,237860,40325,2411597,11794815,139466,111424,1607,11945,3449,76.500,7229663,30686,6911284,0.000,0.000,0.000,0.000
citm_catalog.json,boost,serialize,1727204,66,1590487.7,0.000001,0.000096,0,8162121,2751462,1823120,4292,81770,18252,199228,2828608,45067,37845,324,1526,474,7.606,1823112,4244,1575129,0.000,0.000,0.000,0.000
citm_catalog.json,boost (null),parse,1727204,72,1644235.4,0.000000,0.000000,0,10126220,2853488,1885883,4290,54885,1025,195459,2373991,27310,26895,135,443,149,6.736,1885880,4249,1632185,0.000,0.000,0.000,0.000
citm_catalog.json,boost (pool),parse,1727204,24,3297929.6,0.000037,0.000207,0,18585524,5614745,3529819,8387,117775,4441,995141,6024717,58334,55891,712,830,450,35.917,3529689,8234,3221574,0.000,0.000,0.000,0.000
github_events.json,boost,parse,65132,156,404042.3,0.011629,0.000520,0,1518113,698938,327093,5624,14620,1145,167366,551690,11981,8065,118,2223,471,3.936,323336,6066,399933,0.000,0.000,0.000,0.000
github_events.json,boost,serialize,65132,858,101677.1,0.000001,0.001645,0,478058,176480,118292,1171,3443,24.929,27461,147280,3258,2485,2.146,113,26.401,0.323,118292,1184,101030,0.000,0.000,0.000,0.000
github_events.json,boost (null),parse,65132,1324,71968.1,0.000001,0.000000,0,375534,125050,73549,662,1096,4.790,10426,103315,1024,1002,0.920,1.256,0.390,0.241,73549,659,71520,0.000,0.000,0.000,0.000
github_events.json,boost (pool),parse,65132,444,170519.1,0.000505,0.000216,0,824242,294582,162460,1133,4157,79.626,55369,279397,3280,2840,55.538,58.065,8.059,2.917,162363,1120,169309,0.000,0.000,0.000,0.000
gsoc-2018.json,boost,parse,3327831,7,8490141.0,0.001163,0.000827,0,32429667,14542876,6707917,75390,398492,91018,2835312,11254117,228160,153152,2579,23817,6151,69.571,6719706,83429,8352996,0.000,0.000,0.000,0.000
gsoc-2018.json,boost,serialize,3327831,20,5843335.7,0.000001,0.000000,0,28168516,10083350,7992812,30880,172047,34184,677477,7106515,83092,71387,584,3429,1565,19.650,7992785,30363,5774402,0.000,0.000,0.000,0.000
gsoc-2018.json,boost (null),parse,3327831,68,1696997.5,0.000001,0.000000,0,9869054,2932646,1772058,17521,104729,1577,221980,2453689,52291,52061,189,835,267,5.206,1772058,17504,1677940,0.000,0.000,0.000,0.000
gsoc-2018.json,boost (pool),parse,3327831,16,4002183.2,0.000116,0.000000,0,19047850,6862997,3613057,28949,251007,14880,1190234,6288864,126987,97761,1176,2782,1393,32.000,3612515,28684,3935744,0.000,0.000,0.000,0.000
instruments.json,boost,parse,220346,76,1643937.4,0.002089,0.000052,0,6924828,2820651,1467800,14141,56128,15121,567877,2460177,34578,24415,361,4316,900,14.868,1469311,14467,1615200,0.000,0.000,0.000,0.000
instruments.json,boost,serialize,220346,336,338398.2,0.000001,0.000460,0,1712404,588426,420893,1875,17901,1350,87605,585944,9748,7741,40.777,228,16.589,1.095,420893,1863,336366,0.000,0.000,0.000,0.000
instruments.json,boost (null),parse,220346,290,390407.6,0.000001,0.000000,0,1962127,676659,395638,2280,4408,43.528,43048,532240,3575,3448,5.421,46.928,5.117,1.341,395638,2283,387275,0.000,0.000,0.000,0.000
instruments.json,boost (pool),parse,220346,118,801279.6,0.000336,0.000253,0,3857973,1369423,760557,4226,21392,1239,226804,1311517,10787,9532,160,293,61.771,6.602,760723,4286,789258,0.000,0.000,0.000,0.000
marine_ik.json,boost,parse,2983466,4,21918471.5,0.001056,0.000309,0,104848349,36987958,22678672,88200,1110013,120093,5025201,35410018,590482,373127,3243,16198,7526,150,22727797,93604,21273595,0.000,0.000,0.000,0.000
marine_ik.json,boost,serialize,2983466,8,13929871.9,0.000013,0.000210,0,64001101,24070512,11666691,75634,332000,29695,2108498,18582736,169564,145078,1195,3292,2764,49.375,11666682,75486,13773896,0.000,0.000,0.000,0.000
marine_ik.json,boost (null),parse,2983466,16,6762580.4,0.000001,0.000000,0,44867206,11630169,9567090,44109,95217,1794,882469,12010752,47096,46723,221,250,236,20.125,9567090,43993,6666340,0.000,0.000,0.000,0.000
marine_ik.json,boost (pool),parse,2983466,6,15902968.3,0.000013,0.000043,0,69886331,21502002,14289100,69492,666371,52391,2408312,23525983,333976,160375,2638,7842,5833,149,14289218,69130,15597823,1356,0.000,0.000,0.000
mesh.json,boost,parse,723597,15,3642950.8,0.001144,0.000019,0,20586708,6208764,4186076,9390,337053,30034,511187,6110922,179621,85870,410,3114,1166,40.400,4192492,9287,3567256,0.000,0.000,0.000,0.000
mesh.json,boost,serialize,723597,26,3520710.8,0.000001,0.000000,0,18241255,6103778,3263767,14157,64268,2006,271175,4858329,31357,30717,160,562,328,13.346,3263767,14087,3494065,0.000,0.000,0.000,0.000
mesh.json,boost (null),parse,723597,27,1982481.2,0.000001,0.000000,0,13814235,3434462,2722585,7426,23038,390,100504,3238665,11425,11320,33.074,144,50.630,5.963,2722585,7430,1968258,0.000,0.000,0.000,0.000
mesh.json,boost (pool),parse,723597,34,2937790.1,0.000015,0.000194,0,17585413,5046363,3333798,7927,264459,20169,145480,5247890,143376,54048,248,1551,585,26.559,3333808,7955,2895387,0.000,0.000,0.000,0.000
mesh.pretty.json,boost,parse,1577353,20,4024319.9,0.001152,0.000009,0,21856210,6894985,4415253,15164,366490,30639,560808,6333093,192959,99604,463,3293,1073,32.350,4421909,15180,3957502,0.000,0.000,0.000,0.000
mesh.pretty.json,boost,serialize,1577353,20,3549282.8,0.000001,0.000000,0,18243606,6152029,3264371,14178,63389,1704,323010,4859729,31305,30702,155,553,321,13.550,3264387,14199,3523411,0.000,0.000,0.000,0.000
mesh.pretty.json,boost (null),parse,1577353,36,2434763.0,0.000001,0.000000,0,14991514,4149372,2915574,14344,49947,892,178418,3444154,24848,24638,69.694,401,174,6.361,2915585,14383,2377892,0.000,0.000,0.000,0.000
mesh.pretty.json,boost (pool),parse,1577353,20,3281590.5,0.000007,0.000010,0,18857279,5645733,3563346,13880,295699,21356,214225,5522891,156685,69068,297,1751,579,24.950,3563372,13842,3233560,0.000,0.000,0.000,0.000
numbers.json,boost,parse,150124,132,435427.1,0.000175,0.000000,0,2616380,755103,494322,1904,54899,3116,30636,693168,29785,11253,51.530,359,22.985,3.341,494330,1913,432686,0.000,0.000,0.000,0.000
numbers.json,boost,serialize,150124,69,844637.4,0.000001,0.000000,0,4081361,1469104,637615,5536,6432,124,56997,1015680,3850,3787,12.551,74.971,12.000,2.377,637618,5550,840090,0.000,0.000,0.000,0.000
numbers.json,boost (null),parse,150124,410,282568.3,0.000001,0.000000,0,1911560,484925,348150,1870,3099,13.639,16830,406299,2370,2351,1.893,12.568,2.344,0.515,348152,1876,277781,0.000,0.000,0.000,0.000
numbers.json,boost (pool),parse,150124,230,403410.1,0.000144,0.000006,0,2416457,694675,424364,1907,49588,3194,20253,653059,26208,7737,50.391,263,21.383,3.687,424372,1912,398612,0.000,0.000,0.000,0.000
random.json,boost,parse,510476,14,6451987.9,0.003872,0.000226,0,28469216,11072934,6361250,31784,175204,41860,2099194,9493856,98000,70842,1199,7792,2537,58.000,6393585,36302,6356530,0.000,0.000,0.000,0.000
random.json,boost,serialize,510476,46,1346982.0,0.000001,0.000120,0,6597040,2326660,1622264,10248,60401,14741,392437,2166273,33396,28750,179,834,373,4.870,1622269,10233,1337009,0.000,0.000,0.000,0.000
random.json,boost (null),parse,510476,48,1627884.0,0.000001,0.000000,0,8110279,2807576,1859793,12256,15500,292,190114,1928321,8053,8000,40.312,144,52.125,6.812,1859799,12277,1608193,0.000,0.000,0.000,0.000
random.json,boost (pool),parse,510476,24,3203499.7,0.000061,0.000001,0,15829703,5553775,3455499,15251,68644,3285,943276,4942327,33410,30523,431,367,167,24.292,3455399,15232,3181280,0.000,0.000,0.000,0.000
twitter.json,boost,parse,631515,13,4512887.6,0.001832,0.000403,0,16616490,7795040,3546142,54192,141195,36392,1663161,5927542,81284,59317,1499,13187,4286,43.769,3553094,56619,4468829,0.000,0.000,0.000,0.000
twitter.json,boost,serialize,631515,80,1018156.6,0.000000,0.000060,0,4639188,1765102,1152690,9033,49100,6769,311748,1488269,24667,20968,173,910,231,3.562,1152690,8903,1010548,0.000,0.000,0.000,0.000
twitter.json,boost (null),parse,631515,46,1252571.6,0.000000,0.000000,0,5085926,2174140,1126801,9414,20564,528,193431,1373380,10097,9926,71.848,5.500,3.283,4.935,1126801,9362,1244017,0.000,0.000,0.000,0.000
twitter.json,boost (pool),parse,631515,28,2628638.7,0.000237,0.000279,0,9639032,4487250,1934102,27125,60023,4203,847111,3320618,29169,25851,740,537,362,23.036,1933743,26599,2572467,0.000,0.000,0.000,0.000
twitterescaped.json,boost,parse,562408,11,4619559.0,0.001516,0.000256,0,18078861,7989582,3891983,65239,139010,37274,1812898,6030161,80517,58193,1507,13495,4529,43.364,3898182,67174,4581185,0.000,0.000,0.000,0.000
twitterescaped.json,boost,serialize,562408,86,1030878.2,0.000001,0.000003,0,4639182,1776330,1152690,8899,48590,6734,321960,1489867,24280,20958,219,930,261,3.802,1152694,9110,1019028,0.000,0.000,0.000,0.000
twitterescaped.json,boost (null),parse,562408,41,1244712.1,0.000001,0.000000,0,6455156,2154393,1431213,18334,17943,456,348056,1479258,8992,8878,71.073,162,39.439,5.195,1431219,18267,1234067,0.000,0.000,0.000,0.000
twitterescaped.json,boost (pool),parse,562408,28,2660025.4,0.000173,0.000151,0,11097849,4611603,2279006,38408,56759,3954,1007512,3414978,28189,24866,607,624,402,23.714,2278621,37454,2637735,0.000,0.000,0.000,0.000
update-center.json,boost,parse,533178,24,4764871.8,0.002514,0.000316,0,19638094,8173774,4356253,42819,158452,44559,1750655,7095481,89302,63718,1030,12219,3453,37.458,4371596,45944,4684954,0.000,0.000,0.000,0.000
update-center.json,boost,serialize,533178,92,1264104.0,0.000000,0.000143,0,5494413,2168272,1338347,19046,55798,10036,397820,1787101,29274,24568,210,1360,550,4.228,1338347,19003,1242491,0.000,0.000,0.000,0.000
update-center.json,boost (null),parse,533178,162,653389.7,0.000000,0.000000,0,3801504,1135557,837145,6551,16189,373,139282,1105464,8436,8361,59.870,141,17.623,1.846,837145,6574,649562,0.000,0.000,0.000,0.000
update-center.json,boost (pool),parse,533178,38,2099479.5,0.000065,0.000124,0,10067876,3639536,2160315,13339,65787,3941,787568,3540902,32605,28927,427,492,124,16.184,2160344,13238,2084002,0.000,0.000,0.000,0.000
